﻿Designator,Quantity,Value,Footprint,Package,MPN,DNP,Mount_Type,Description,Digi-Key_PN,Category,Family,DK_Datasheet_Link,DK_Detail_Page,Description_1,Manufacturer,Status,LCSC Part
A1,1,Arduino_Nano_v3.x,Arduino_Nano,,,,tht,Arduino Nano v3.x,,,,,,,,,
C1,1,100 nF,C_Disc_D6.0mm_W2.5mm_P5.00mm,,,,tht,"Unpolarized capacitor, small symbol",,,,,,,,,
C2,1,100u,C_Disc_D6.0mm_W2.5mm_P5.00mm,,,,tht,"Unpolarized capacitor, small symbol",,,,,,,,,
C3,1,0.01u,C_Disc_D6.0mm_W2.5mm_P5.00mm,,,,tht,"Unpolarized capacitor, small symbol",,,,,,,,,
"H1, H10, H2, H3, H4, H5, H6, H7, H8, H9",10,MountingHole,MountingHole_2.5mm_Pad,,,,tht,Mounting Hole without connection,,,,,,,,,
J1,1,VIN,PinHeader_1x02_P2.54mm_Vertical,,22-23-2021,,tht,CONN HEADER VERT 2POS 2.54MM,WM4200-ND,"Connectors, Interconnects","Rectangular Connectors - Headers, Male Pins",https://media.digikey.com/pdf/Data%20Sheets/Molex%20PDFs/A-6373-N_Series_Dwg_2010-12-03.pdf,/product-detail/en/molex/22-23-2021/WM4200-ND/26667,CONN HEADER VERT 2POS 2.54MM,Molex,Active,
J2,1,IR Detector,PinSocket_1x03_P2.54mm_Horizontal,,,,tht,"Generic connector, single row, 01x03, script generated (kicad-library-utils/schlib/autogen/connector/)",,,,,,,,,
SW1,1,SW_Push,PinHeader_1x02_P2.54mm_Vertical,,,,tht,"Push button switch, generic, two pins",,,,,,,,,
SW2,1,SW_SPST,PinHeader_1x02_P2.54mm_Vertical,,,,tht,Single Pole Single Throw (SPST) switch,,,,,,,,,
TP1,1,Out,TestPoint_THTPad_D1.5mm_Drill0.7mm,,,,tht,test point,,,,,,,,,
TP2,1,GND,TestPoint_THTPad_D1.5mm_Drill0.7mm,,,,tht,test point,,,,,,,,,
U1,1,HS96L03W2C03,OLED-TH_L27.8-W27.2-P2.54_C9900033791,,,,tht,,,,,,,,,,C5248080
