﻿pos_x,pos_y,rotation,side,designator,mpn,pack,footprint,value,mount_type,place
126.39,-101.34,0.0,top,A1,,,Arduino_Nano,Arduino_Nano_v3.x,tht,True
127.5,-54.5,180.0,top,C1,,,C_Disc_D6.0mm_W2.5mm_P5.00mm,100 nF,tht,True
135.5,-89.5,-90.0,top,C2,,,C_Disc_D6.0mm_W2.5mm_P5.00mm,100u,tht,True
141.0,-89.5,-90.0,top,C3,,,C_Disc_D6.0mm_W2.5mm_P5.00mm,0.01u,tht,True
120.0,-47.0,0.0,top,H1,,,MountingHole_2.5mm_Pad,MountingHole,tht,False
122.2397,-60.2909,0.0,top,H10,,,MountingHole_2.5mm_Pad,MountingHole,tht,False
148.0,-47.0,0.0,top,H2,,,MountingHole_2.5mm_Pad,MountingHole,tht,False
120.0,-101.5,0.0,top,H3,,,MountingHole_2.5mm_Pad,MountingHole,tht,False
148.0,-101.5,0.0,top,H4,,,MountingHole_2.5mm_Pad,MountingHole,tht,False
120.0,-140.5,0.0,top,H5,,,MountingHole_2.5mm_Pad,MountingHole,tht,False
148.0,-140.5,0.0,top,H6,,,MountingHole_2.5mm_Pad,MountingHole,tht,False
145.75,-84.1,0.0,top,H7,,,MountingHole_2.5mm_Pad,MountingHole,tht,False
122.2424,-84.115,0.0,top,H8,,,MountingHole_2.5mm_Pad,MountingHole,tht,False
145.7324,-60.3205,0.0,top,H9,,,MountingHole_2.5mm_Pad,MountingHole,tht,False
148.0,-93.04,180.0,top,J1,22-23-2021,,PinHeader_1x02_P2.54mm_Vertical,VIN,tht,True
136.025,-54.4,-90.0,top,J2,,,PinSocket_1x03_P2.54mm_Horizontal,IR Detector,tht,True
121.5,-93.275,180.0,top,SW1,,,PinHeader_1x02_P2.54mm_Vertical,SW_Push,tht,True
126.5,-93.275,180.0,top,SW2,,,PinHeader_1x02_P2.54mm_Vertical,SW_SPST,tht,True
125.0,-49.5,-90.0,top,TP1,,,TestPoint_THTPad_D1.5mm_Drill0.7mm,Out,tht,True
142.5,-54.5,-90.0,top,TP2,,,TestPoint_THTPad_D1.5mm_Drill0.7mm,GND,tht,True
134.0,-60.5,0.0,top,U1,,,OLED-TH_L27.8-W27.2-P2.54_C9900033791,HS96L03W2C03,tht,True
